id,ET,point
2003-01-01,4.372924913831592,0
2003-01-09,3.522150334948905,0
2003-01-17,5.201640413050027,0
2003-01-25,5.33943535800046,0
2003-02-02,3.1178846554915163,0
2003-02-10,5.641554516852021,0
2003-02-18,7.399482681298569,0
2003-02-26,7.115432707058597,0
2003-03-06,11.914892201393865,0
2003-03-14,9.698563924780299,0
2003-03-22,13.06495293603159,0
2003-03-30,12.729624505457892,0
2003-04-07,14.74669087166828,0
2003-04-15,13.042269236799061,0
2003-04-23,14.889806395027584,0
2003-05-01,10.98622729503057,0
2003-05-09,18.142886916391078,0
2003-05-17,22.44970208298779,0
2003-05-25,25.962374794182786,0
2003-06-02,20.888720483478824,0
2003-06-10,19.273097392937427,0
2003-06-18,17.178908125043016,0
2003-06-26,22.312629245392117,0
2003-07-04,24.22654417674441,0
2003-07-12,22.84985576045478,0
2003-07-20,22.07902046025924,0
2003-07-28,18.575387658914774,0
2003-08-05,27.24170061803023,0
2003-08-13,28.559672946713295,0
2003-08-21,25.32776782696846,0
2003-08-29,21.597170085340338,0
2003-09-06,21.31903695955919,0
2003-09-14,21.5594163470168,0
2003-09-22,20.75534484617372,0
2003-09-30,15.657021816665887,0
2003-10-08,15.167422617661531,0
2003-10-16,14.47225894044449,0
2003-10-24,11.850714762477889,0
2003-11-01,4.050664060708918,0
2003-11-09,3.0670043109643914,0
2003-11-17,5.872196574995086,0
2003-11-25,5.127904930246925,0
2003-12-03,3.70495306427879,0
2003-12-11,2.996908999642339,0
2003-12-27,1.674603363286538,0
2004-01-01,2.259289511498422,0
2004-01-09,3.1962755549868374,0
2004-01-17,3.8051609484172535,0
2004-01-25,3.6417718182325367,0
2004-02-02,4.983948693555726,0
2004-02-10,6.300316454961891,0
2004-02-18,4.474777134324956,0
2004-02-26,5.888837145834497,0
2004-03-05,13.887186342718215,0
2004-03-13,19.12542534035106,0
2004-03-21,11.706158882683813,0
2004-03-29,7.0097007854229645,0
2004-04-06,9.230673372701657,0
2004-04-14,7.5559309948128295,0
2004-04-22,14.650644380021872,0
2004-04-30,17.02001605097006,0
2004-05-08,15.164102184006765,0
2004-05-16,14.032940820154735,0
2004-05-24,16.83412373831253,0
2004-06-01,22.338094613097702,0
2004-06-09,19.422171928899672,0
2004-06-17,21.86211603706554,0
2004-06-25,20.424856997777745,0
2004-07-03,23.153471391632415,0
2004-07-11,23.958425162131253,0
2004-07-19,24.49283966629681,0
2004-07-27,23.00903827867493,0
2004-08-04,22.394795036725988,0
2004-08-12,19.057425981375086,0
2004-08-20,16.447991293603565,0
2004-08-28,19.87488948723029,0
2004-09-05,19.456835550441685,0
2004-09-13,15.033054871558654,0
2004-09-21,14.96799899908681,0
2004-09-29,12.031290725028237,0
2004-10-07,11.711782948602233,0
2004-10-15,8.809262806186236,0
2004-10-23,4.087732652578997,0
2004-10-31,6.270942559309258,0
2004-11-08,5.375027563926292,0
2004-11-16,4.909942477468209,0
2004-11-24,3.3172290457850444,0
2004-12-02,2.6118278444912657,0
2004-12-10,4.2320282508396065,0
2004-12-18,4.009931456280824,0
2004-12-26,2.2607326388918048,0
2005-01-01,1.7002863731194058,0
2005-01-09,2.4968049831571473,0
2005-01-17,5.30355358026605,0
2005-01-25,4.21358655638297,0
2005-02-02,6.849586378804902,0
2005-02-10,7.546098227719643,0
2005-02-18,6.656855218986238,0
2005-02-26,9.832062307521026,0
2005-03-06,15.316081555819814,0
2005-03-14,11.435406274412413,0
2005-03-22,9.715602681458723,0
2005-03-30,16.41089068834949,0
2005-04-07,14.717169767671082,0
2005-04-15,17.951445510539926,0
2005-04-23,8.05571292292767,0
2005-05-01,17.010834036738927,0
2005-05-09,18.49022837358877,0
2005-05-17,24.928087857232594,0
2005-05-25,24.296625719081874,0
2005-06-02,13.904685391815104,0
2005-06-10,17.236452590798063,0
2005-06-18,19.05872998627806,0
2005-06-26,22.34680434107257,0
2005-07-04,24.094454604583493,0
2005-07-12,25.827372699271805,0
2005-07-20,25.845481737746145,0
2005-07-28,25.063471555370086,0
2005-08-05,22.502409958343392,0
2005-08-13,22.25580783363498,0
2005-08-21,25.01974658129543,0
2005-08-29,22.97357867197929,0
2005-09-06,17.888158317705898,0
2005-09-14,16.730596025204335,0
2005-09-22,16.249842933320096,0
2005-09-30,16.006223995528636,0
2005-10-08,14.668894467706947,0
2005-10-16,12.552756280248767,0
2005-10-24,10.600580781783043,0
2005-11-01,9.207013057888881,0
2005-11-09,9.239376083374509,0
2005-11-17,9.794623228476313,0
2005-11-25,4.972400569131138,0
2005-12-03,4.378869944145491,0
2005-12-11,3.3652494896806098,0
2005-12-19,4.751676095940961,0
2005-12-27,2.2029307135185436,0
2006-01-01,2.8339714225147667,0
2006-01-09,3.7621804399640144,0
2006-01-17,3.5926202525935746,0
2006-01-25,4.526306080574869,0
2006-02-02,7.055964622275227,0
2006-02-10,4.456747469689532,0
2006-02-18,2.862278018206542,0
2006-02-26,7.761438732643861,0
2006-03-06,7.206981592292029,0
2006-03-14,7.3387732234602625,0
2006-03-22,13.312658981167573,0
2006-03-30,11.357762320956295,0
2006-04-07,14.814255704766344,0
2006-04-15,17.975712694888344,0
2006-04-23,18.33691388516123,0
2006-05-01,11.417879624811228,0
2006-05-09,14.720666943111825,0
2006-05-17,13.971354323864691,0
2006-05-25,14.894366871292537,0
2006-06-02,20.305541735807925,0
2006-06-10,19.523698339487606,0
2006-06-18,27.177091816247138,0
2006-06-26,24.03543992312371,0
2006-07-04,27.957755517168145,0
2006-07-12,28.484674417183033,0
2006-07-20,24.295569363110033,0
2006-07-28,24.14919052521158,0
2006-08-05,23.644721642247518,0
2006-08-13,23.065369753211343,0
2006-08-21,21.45609070861965,0
2006-08-29,20.779212712844718,0
2006-09-06,19.40018695356209,0
2006-09-14,15.58966193618884,0
2006-09-22,16.258012265100554,0
2006-09-30,11.40483737201395,0
2006-10-08,11.67439731906095,0
2006-10-16,12.917400511514039,0
2006-10-24,12.197862760585682,0
2006-11-01,8.471645483515298,0
2006-11-09,7.902688478083028,0
2006-11-17,8.492431726779545,0
2006-11-25,5.400707230423466,0
2006-12-03,6.943791205273136,0
2006-12-11,3.0189359724083022,0
2006-12-19,2.994194731810744,0
2006-12-27,3.0087918602457027,0
2007-01-01,4.5959774497687205,0
2007-01-09,3.8934752755236612,0
2007-01-17,5.3901043409061655,0
2007-01-25,6.275507961406406,0
2007-02-02,6.102162531688421,0
2007-02-10,6.119996436748377,0
2007-02-18,6.458631938912458,0
2007-02-26,7.060905139182796,0
2007-03-06,12.320098693158167,0
2007-03-14,9.3858065950052,0
2007-03-22,6.660508453350103,0
2007-03-30,10.44064782651106,0
2007-04-07,8.988299247875128,0
2007-04-15,7.60484080214655,0
2007-04-23,14.862516648741813,0
2007-05-01,10.606902528370243,0
2007-05-09,15.701079980045092,0
2007-05-17,16.163105684737303,0
2007-05-25,18.801400831802795,0
2007-06-02,17.318383353098525,0
2007-06-10,21.98710158136656,0
2007-06-18,22.88122441683754,0
2007-06-26,23.45474831183377,0
2007-07-04,24.876349827971243,0
2007-07-12,23.337700375228515,0
2007-07-20,21.76869174018983,0
2007-07-28,23.35399028210245,0
2007-08-05,21.27476658652009,0
2007-08-13,21.788175009906155,0
2007-08-21,21.054317011074225,0
2007-08-29,19.995009389726413,0
2007-09-06,20.176778120194143,0
2007-09-14,14.927939918599192,0
2007-09-22,13.260598473857328,0
2007-09-30,13.073125051206256,0
2007-10-08,12.711302619060518,0
2007-10-16,12.093780130409971,0
2007-10-24,11.90643983258095,0
2007-11-01,12.167734395636677,0
2007-11-09,9.236313060412105,0
2007-11-17,9.021620647229415,0
2007-11-25,6.465473901074141,0
2007-12-03,5.430839793956466,0
2007-12-11,2.9547305207463825,0
2007-12-19,2.568342198252667,0
2007-12-27,2.3142333039593135,0
2008-01-01,2.8111326662989295,0
2008-01-09,4.105965617790496,0
2008-01-17,3.9924530051331315,0
2008-01-25,3.812505681366627,0
2008-02-02,5.117673244925095,0
2008-02-10,8.118190992801518,0
2008-02-18,5.857046520719725,0
2008-02-26,10.114931410347975,0
2008-03-05,11.563541675544165,0
2008-03-13,11.296575744827992,0
2008-03-21,9.011893002294388,0
2008-03-29,9.195535872848424,0
2008-04-06,7.118629893982783,0
2008-04-14,8.062523896081679,0
2008-04-22,11.257250339392739,0
2008-04-30,10.192422581493089,0
2008-05-08,13.98941004033019,0
2008-05-16,17.29644171366843,0
2008-05-24,10.344730122873619,0
2008-06-01,19.92995427153844,0
2008-06-09,24.28423601146607,0
2008-06-17,25.26603364935071,0
2008-06-25,23.583802597696344,0
2008-07-03,24.227911446176925,0
2008-07-11,22.513381669816273,0
2008-07-19,23.664974989992622,0
2008-07-27,23.98178177411188,0
2008-08-04,22.66514596792531,0
2008-08-12,22.243776218695444,0
2008-08-20,22.11606065602612,0
2008-08-28,21.077187047411133,0
2008-09-05,19.688549298167104,0
2008-09-13,16.875399422519745,0
2008-09-21,16.20625681457017,0
2008-09-29,12.448594045080291,0
2008-10-07,11.993053436290008,0
2008-10-15,12.969414870709873,0
2008-10-23,13.337788271797136,0
2008-10-31,7.237092924771023,0
2008-11-08,8.522930165819218,0
2008-11-16,9.856500532064942,0
2008-11-24,6.959265042559375,0
2008-12-02,6.563067000885907,0
2008-12-10,4.672906265684295,0
2008-12-18,2.0847059186875048,0
2008-12-26,3.379238958749596,0
2009-01-01,4.014309102385054,0
2009-01-09,5.826745489626191,0
2009-01-17,5.979760612593705,0
2009-01-25,5.385268759107761,0
2009-02-02,6.231509519294596,0
2009-02-10,3.8273275780391343,0
2009-02-18,6.175672231127317,0
2009-02-26,7.001076081300911,0
2009-03-06,10.40863887571202,0
2009-03-14,14.758989556511926,0
2009-03-22,14.885104038142853,0
2009-03-30,5.590851361229978,0
2009-04-07,7.896348966109134,0
2009-04-15,11.178482832093612,0
2009-04-23,11.34831084116065,0
2009-05-01,15.342590613788222,0
2009-05-09,17.2622605537355,0
2009-05-17,18.75600123379366,0
2009-05-25,15.481858846882233,0
2009-06-02,13.335503218539266,0
2009-06-10,18.716067444192625,0
2009-06-18,28.420133975084404,0
2009-06-26,27.048724637975425,0
2009-07-04,24.16750218883844,0
2009-07-12,24.34079486813048,0
2009-07-20,22.536572192081046,0
2009-07-28,23.104622834856546,0
2009-08-05,21.8986194566472,0
2009-08-13,23.053258872400534,0
2009-08-21,19.026979539488487,0
2009-08-29,20.052385167434704,0
2009-09-06,18.770982004388802,0
2009-09-14,18.429275994330446,0
2009-09-22,19.141626836766473,0
2009-09-30,12.066772642310855,0
2009-10-08,13.57767266794102,0
2009-10-16,15.070414164795679,0
2009-10-24,11.735239860953381,0
2009-11-01,11.513998326941847,0
2009-11-09,7.73505528187629,0
2009-11-17,7.821095076437507,0
2009-11-25,6.735331641843326,0
2009-12-03,4.4485900199618,0
2009-12-11,2.514076856388288,0
2009-12-19,3.0108952658092747,0
2009-12-27,3.5639451894680376,0
2010-01-01,4.1081558302136925,0
2010-01-09,5.175854992917923,0
2010-01-17,2.688487478720496,0
2010-01-25,3.849480146902035,0
2010-02-02,4.259827279434962,0
2010-02-10,8.045436551789972,0
2010-02-18,7.38942277753331,0
2010-02-26,7.3106457331372985,0
2010-03-06,8.567972049020888,0
2010-03-14,13.239543534403106,0
2010-03-22,14.074303083130548,0
2010-03-30,9.592844200921261,0
2010-04-07,15.601405028056778,0
2010-04-15,15.156013259197799,0
2010-04-23,18.372911537008275,0
2010-05-01,20.771319634637152,0
2010-05-09,8.58545976386058,0
2010-05-17,10.078693513912256,0
2010-05-25,11.85496855711236,0
2010-06-02,18.323474446862708,0
2010-06-10,17.969180977827303,0
2010-06-18,18.14105645484701,0
2010-06-26,21.08814945861172,0
2010-07-04,22.70628010122636,0
2010-07-12,24.069777356880742,0
2010-07-20,23.846204588296146,0
2010-07-28,24.52600832109504,0
2010-08-05,22.733746565650797,0
2010-08-13,23.55640547805035,0
2010-08-21,22.57440833456742,0
2010-08-29,19.764831220153503,0
2010-09-06,17.954549309791798,0
2010-09-14,17.872160145443786,0
2010-09-22,18.885046605554546,0
2010-09-30,10.132964721637597,0
2010-10-08,14.810449208242538,0
2010-10-16,10.194782103759058,0
2010-10-24,11.076890881427056,0
2010-11-01,11.662638897934926,0
2010-11-09,6.23242270304452,0
2010-11-17,4.041782542084088,0
2010-11-25,2.8292922776260903,0
2010-12-03,3.315934035397808,0
2010-12-11,3.3008742738780805,0
2010-12-19,3.246447304736623,0
2010-12-27,2.2701162705261577,0
2011-01-01,2.570247213754781,0
2011-01-09,3.3664599700605127,0
2011-01-17,5.2158210061013826,0
2011-01-25,5.609092000987593,0
2011-02-02,6.61401799314314,0
2011-02-10,5.700325404790336,0
2011-02-18,4.649046618219009,0
2011-02-26,6.0589438374335005,0
2011-03-06,9.291049579483166,0
2011-03-14,8.767108691876699,0
2011-03-22,7.966156243245484,0
2011-03-30,16.33868640952002,0
2011-04-07,10.51857189578348,0
2011-04-15,9.384980651097552,0
2011-04-23,6.689875038117908,0
2011-05-01,8.752965829166943,0
2011-05-09,7.059042324213258,0
2011-05-17,7.696396357481887,0
2011-05-25,9.962729539881842,0
2011-06-02,13.933395986319718,0
2011-06-10,18.920946921197192,0
2011-06-18,21.770994804052236,0
2011-06-26,22.625175276424002,0
2011-07-04,22.23354918660243,0
2011-07-12,21.104809269788532,0
2011-07-20,24.384191337302717,0
2011-07-28,23.830041443185646,0
2011-08-05,24.811235479943658,0
2011-08-13,24.728947134149458,0
2011-08-21,24.477629123448573,0
2011-08-29,22.869330783298327,0
2011-09-06,18.49117707675848,0
2011-09-14,18.570813282092942,0
2011-09-22,17.973391908658108,0
2011-09-30,13.917067746272101,0
2011-10-08,15.1957996062821,0
2011-10-16,15.766852712863265,0
2011-10-24,13.481957856875411,0
2011-11-01,5.303421865541036,0
2011-11-09,6.6680223230391995,0
2011-11-17,5.404337304041687,0
2011-11-25,7.324597484567301,0
2011-12-03,6.181116520165283,0
2011-12-11,5.216555545530703,0
2011-12-19,5.888948385989134,0
2011-12-27,7.043278396397618,0
2012-01-01,6.404873381277484,0
2012-01-09,5.6301214932724495,0
2012-01-17,5.51022863320406,0
2012-01-25,7.197839783226495,0
2012-02-02,7.164341178004811,0
2012-02-10,7.033280255255102,0
2012-02-18,8.850066221008197,0
2012-02-26,9.112971596209178,0
2012-03-05,8.552427121126584,0
2012-03-13,9.006039975833946,0
2012-03-21,11.529017944916518,0
2012-03-29,13.891461089463355,0
2012-04-06,14.241199795985999,0
2012-04-14,12.081563188513499,0
2012-04-22,18.327178061072065,0
2012-04-30,19.266336016963816,0
2012-05-08,19.90314906327777,0
2012-05-16,20.25816910301203,0
2012-05-24,15.522155470318898,0
2012-06-01,18.893023312653987,0
2012-06-09,21.884873959458123,0
2012-06-17,22.891815923863362,0
2012-06-25,21.485697168371075,0
2012-07-03,23.749149342591824,0
2012-07-11,22.189295388972685,0
2012-07-19,22.18323074461946,0
2012-07-27,24.40866389564248,0
2012-08-04,25.194396416340638,0
2012-08-12,21.200304183497984,0
2012-08-20,21.685884574474166,0
2012-08-28,20.775494684611413,0
2012-09-05,18.639440378726306,0
2012-09-13,18.999200679182472,0
2012-09-21,16.360059778131454,0
2012-09-29,16.237816963518135,0
2012-10-07,11.219260522160665,0
2012-10-15,13.541837310010145,0
2012-10-23,10.058422528961076,0
2012-10-31,10.657512011705203,0
2012-11-08,5.902806544189003,0
2012-11-16,5.100984953742866,0
2012-11-24,5.7195035725863255,0
2012-12-02,5.778503452494437,0
2012-12-10,3.6360931971826957,0
2012-12-18,2.690533134535645,0
2012-12-26,2.1250761995962275,0
2013-01-01,2.782749288361425,0
2013-01-09,3.525096071497184,0
2013-01-17,6.302432578006012,0
2013-01-25,5.470198719348066,0
2013-02-02,6.282629204565384,0
2013-02-10,7.51598505982777,0
2013-02-18,5.812054634615449,0
2013-02-26,9.226506885980637,0
2013-03-06,6.901887294738929,0
2013-03-14,12.651957321477799,0
2013-03-22,10.6890143888034,0
2013-03-30,11.879035486386545,0
2013-04-07,14.970175785748157,0
2013-04-15,13.465432423396933,0
2013-04-23,18.84323930193007,0
2013-05-01,14.403978231046128,0
2013-05-09,18.39038188996134,0
2013-05-17,17.442237037631852,0
2013-05-25,19.54266161108641,0
2013-06-02,24.20976363730257,0
2013-06-10,20.04593026591301,0
2013-06-18,18.257208130979656,0
2013-06-26,23.6112325843023,0
2013-07-04,22.229191269884204,0
2013-07-12,23.182230330975955,0
2013-07-20,22.658267654331784,0
2013-07-28,22.06739378278897,0
2013-08-05,20.77113849578835,0
2013-08-13,23.129335975208896,0
2013-08-21,19.783668752119745,0
2013-08-29,19.748316610669047,0
2013-09-06,19.538043392952968,0
2013-09-14,16.473272128098394,0
2013-09-22,12.4774594631822,0
2013-09-30,12.76918699800554,0
2013-10-08,10.460653604837255,0
2013-10-16,12.174655097967461,0
2013-10-24,8.484706223586185,0
2013-11-01,8.36488235625977,0
2013-11-09,8.46773072722104,0
2013-11-17,5.533827194029728,0
2013-11-25,6.956361395463354,0
2013-12-03,2.9800090798652574,0
2013-12-11,6.5129879030539986,0
2013-12-19,5.975940376573122,0
2013-12-27,6.852502785486983,0
2014-01-01,6.864751025357219,0
2014-01-09,7.345232420867918,0
2014-01-17,8.23714524476129,0
2014-01-25,6.171379433249532,0
2014-02-02,4.063013779165338,0
2014-02-10,9.252893653617628,0
2014-02-18,10.518302992884788,0
2014-02-26,7.675598276993042,0
2014-03-06,10.605748806867897,0
2014-03-14,14.802303475008479,0
2014-03-22,12.883743880313286,0
2014-03-30,6.178097057502651,0
2014-04-07,18.78130351433706,0
2014-04-15,19.10637297573768,0
2014-04-23,17.313615692680237,0
2014-05-01,18.70244856660646,0
2014-05-09,16.378737064624584,0
2014-05-17,14.794740928600497,0
2014-05-25,19.36495940047126,0
2014-06-02,20.911675110120413,0
2014-06-10,19.516001730611396,0
2014-06-18,19.445049696063208,0
2014-06-26,21.265346684691725,0
2014-07-04,20.10348427653068,0
2014-07-12,21.523688759425372,0
2014-07-20,20.035538845749624,0
2014-07-28,18.04935329514413,0
2014-08-05,20.042547364868373,0
2014-08-13,20.555293873237925,0
2014-08-21,19.124390871920426,0
2014-08-29,18.459653785927344,0
2014-09-06,16.79435495716753,0
2014-09-14,15.651827089144074,0
2014-09-22,13.879740078460308,0
2014-09-30,15.506894091040666,0
2014-10-08,14.013097440129586,0
2014-10-16,10.923706727167264,0
2014-10-24,9.458476917773444,0
2014-11-01,8.26339261926535,0
2014-11-09,7.542801720869958,0
2014-11-17,6.323822322571943,0
2014-11-25,7.322924029281058,0
2014-12-03,5.5638933111381,0
2014-12-11,3.087474593578642,0
2014-12-19,3.8358522197778013,0
2014-12-27,3.585178748679378,0
2015-01-01,5.003752642656897,0
2015-01-09,6.166528029656989,0
2015-01-17,7.726173243400858,0
2015-01-25,7.933420833867881,0
2015-02-02,9.76160593444255,0
2015-02-10,12.379305842663282,0
2015-02-18,11.557550562242243,0
2015-02-26,7.937495311833709,0
2015-03-06,11.482652137393279,0
2015-03-14,14.873246043004482,0
2015-03-22,15.225025009153502,0
2015-03-30,14.518094050486877,0
2015-04-07,11.624282444221002,0
2015-04-15,15.80412507957207,0
2015-04-23,16.964579396540557,0
2015-05-01,19.93351441595008,0
2015-05-09,17.837422093080907,0
2015-05-17,13.52560232354919,0
2015-05-25,23.21572299866429,0
2015-06-02,22.44077002403727,0
2015-06-10,22.956912602864847,0
2015-06-18,25.342953564358186,0
2015-06-26,25.02602720332553,0
2015-07-04,22.592596248016882,0
2015-07-12,24.257195629264977,0
2015-07-20,23.048816513256284,0
2015-07-28,24.25969539849733,0
2015-08-05,21.669328610307037,0
2015-08-13,24.304222846612703,0
2015-08-21,21.283442956818252,0
2015-08-29,18.077373902089974,0
2015-09-06,17.19711921529102,0
2015-09-14,13.83879618729314,0
2015-09-22,14.473828750303529,0
2015-09-30,10.381036068214957,0
2015-10-08,13.346634281086926,0
2015-10-16,9.796065323963955,0
2015-10-24,10.378645546482502,0
2015-11-01,7.371305819747685,0
2015-11-09,5.36078998265741,0
2015-11-17,6.89060220079627,0
2015-11-25,3.1394463157586543,0
2015-12-03,4.656636237576965,0
2015-12-11,2.6594750746619447,0
2015-12-19,2.103672867014262,0
2015-12-27,2.629895968784399,0
2016-01-01,3.1639399509208004,0
2016-01-09,4.154207176355678,0
2016-01-17,4.4221461210438795,0
2016-01-25,5.055885877032312,0
2016-02-02,6.699474424755956,0
2016-02-10,9.104237515795276,0
2016-02-18,9.772564223413486,0
2016-02-26,11.146192850146234,0
2016-03-05,9.357730963791836,0
2016-03-13,12.40519971733083,0
2016-03-21,14.129546090861602,0
2016-03-29,15.949295682593721,0
2016-04-06,15.239389204299693,0
2016-04-14,22.86511419756182,0
2016-04-22,16.07761824116772,0
2016-04-30,19.14017025536089,0
2016-05-08,25.557328577407457,0
2016-05-16,23.748851247629723,0
2016-05-24,23.520896479204893,0
2016-06-01,34.97349893305202,0
2016-06-09,27.09215042080595,0
2016-06-17,34.025748444966744,0
2016-06-25,28.3221231680928,0
2016-07-03,26.501074380979844,0
2016-07-11,23.497329216175203,0
2016-07-19,24.056328571036257,0
2016-07-27,24.1601334423206,0
2016-08-04,20.857364371159886,0
2016-08-12,21.608863919369938,0
2016-08-20,20.299582352667368,0
2016-08-28,18.26403526383121,0
2016-09-05,17.633951392608047,0
2016-09-13,16.111354751642864,0
2016-09-21,13.06000946835118,0
2016-09-29,10.015851279029484,0
2016-10-07,9.655689509882759,0
2016-10-15,11.579415548432411,0
2016-10-23,10.543707737586864,0
2016-10-31,9.20528283738143,0
2016-11-08,10.225067948978422,0
2016-11-16,6.017093965670096,0
2016-11-24,4.9632182889696725,0
2016-12-02,4.436108754381913,0
2016-12-10,3.9871623326798176,0
2016-12-18,4.161558417716824,0
2016-12-26,3.8929651029432626,0
2003-01-01,5.656032658954569,1
2003-01-09,4.206100869291654,1
2003-01-17,6.661014865963712,1
2003-01-25,7.174107110079776,1
2003-02-02,6.088207429498289,1
2003-02-10,6.242010661277935,1
2003-02-18,7.8513532614650785,1
2003-02-26,7.527445927903166,1
2003-03-06,13.682728636487708,1
2003-03-14,9.194603944825857,1
2003-03-22,14.431701412737434,1
2003-03-30,12.705514182776081,1
2003-04-07,14.28164778823709,1
2003-04-15,12.245190996806814,1
2003-04-23,15.279892257794213,1
2003-05-01,11.868050380523362,1
2003-05-09,21.034926334262813,1
2003-05-17,30.924755671622442,1
2003-05-25,34.83828310819777,1
2003-06-02,29.603931806272623,1
2003-06-10,26.784718061418367,1
2003-06-18,23.05902999942862,1
2003-06-26,27.541897026427595,1
2003-07-04,27.416667371204824,1
2003-07-12,25.422146578560557,1
2003-07-20,24.17544297118631,1
2003-07-28,21.108631019894037,1
2003-08-05,27.140076873661187,1
2003-08-13,27.240603141942955,1
2003-08-21,24.52392093468541,1
2003-08-29,19.98503269029198,1
2003-09-06,18.723552512297577,1
2003-09-14,18.143704344755943,1
2003-09-22,16.42120930165997,1
2003-09-30,12.754913459807677,1
2003-10-08,12.101280661547419,1
2003-10-16,11.704367435219675,1
2003-10-24,9.77756331981667,1
2003-11-01,4.639778842247846,1
2003-11-09,4.231414978856805,1
2003-11-17,6.238330917322575,1
2003-11-25,5.087693102335363,1
2003-12-03,3.501699389427735,1
2003-12-11,3.12986878057169,1
2003-12-27,2.4208738931184404,1
2004-01-01,3.307197300654381,1
2004-01-09,3.8848913003047114,1
2004-01-17,4.812716739483994,1
2004-01-25,4.1164541121354485,1
2004-02-02,5.190450360789593,1
2004-02-10,7.474465043258895,1
2004-02-18,3.458829315126266,1
2004-02-26,5.509721700245113,1
2004-03-05,15.540779413118766,1
2004-03-13,21.222904566917855,1
2004-03-21,17.34354124861542,1
2004-03-29,15.336380308450062,1
2004-04-06,19.277241451659975,1
2004-04-14,13.57596630215435,1
2004-04-22,25.095655455609133,1
2004-04-30,26.260692632648457,1
2004-05-08,22.599309871530675,1
2004-05-16,20.797458062918746,1
2004-05-24,22.63208497410038,1
2004-06-01,27.668885569640096,1
2004-06-09,23.79062596493055,1
2004-06-17,25.28618432563537,1
2004-06-25,22.82861926903977,1
2004-07-03,24.26887799570972,1
2004-07-11,23.994973077352007,1
2004-07-19,23.829553043987183,1
2004-07-27,21.538757052852954,1
2004-08-04,20.796157897643745,1
2004-08-12,18.66782629130896,1
2004-08-20,15.676718196975648,1
2004-08-28,17.88137906210809,1
2004-09-05,17.761787224126348,1
2004-09-13,13.633760548082556,1
2004-09-21,13.936220291998138,1
2004-09-29,11.449739327325046,1
2004-10-07,11.274265502581954,1
2004-10-15,8.821746875583163,1
2004-10-23,5.088504813203726,1
2004-10-31,7.489499756388459,1
2004-11-08,5.999019303782792,1
2004-11-16,5.549630052112072,1
2004-11-24,3.6522298383350655,1
2004-12-02,3.139038269755064,1
2004-12-10,4.910918699783958,1
2004-12-18,4.970994390269404,1
2004-12-26,1.7095699429666358,1
2005-01-01,1.517665391321767,1
2005-01-09,2.3929652721957226,1
2005-01-17,6.745239191525803,1
2005-01-25,4.516888965852056,1
2005-02-02,6.972764180852149,1
2005-02-10,7.20804993992729,1
2005-02-18,6.2523830897692445,1
2005-02-26,9.25733164288042,1
2005-03-06,17.28223471234948,1
2005-03-14,10.723852644467442,1
2005-03-22,7.242681533431387,1
2005-03-30,15.72026436051588,1
2005-04-07,13.65228804310193,1
2005-04-15,18.665452403529763,1
2005-04-23,16.46196474843964,1
2005-05-01,18.58754632595761,1
2005-05-09,20.183209919463398,1
2005-05-17,29.05583938689889,1
2005-05-25,31.7210066028801,1
2005-06-02,26.16324936004786,1
2005-06-10,28.352784302546485,1
2005-06-18,28.415119985105918,1
2005-06-26,29.96508361698409,1
2005-07-04,29.372106019917126,1
2005-07-12,29.835349430580745,1
2005-07-20,28.51391706867036,1
2005-07-28,26.547528973552073,1
2005-08-05,23.893387019963633,1
2005-08-13,22.358553087325813,1
2005-08-21,23.41334318967889,1
2005-08-29,21.543944057238573,1
2005-09-06,17.292255275521697,1
2005-09-14,15.64287164340287,1
2005-09-22,15.689784014037413,1
2005-09-30,14.957558871329686,1
2005-10-08,13.44161755281097,1
2005-10-16,11.654549737856698,1
2005-10-24,10.023491434043413,1
2005-11-01,8.815234310035763,1
2005-11-09,8.51294037729949,1
2005-11-17,8.318052606979919,1
2005-11-25,4.9223131945388,1
2005-12-03,5.246388191307542,1
2005-12-11,3.8056227090799846,1
2005-12-19,5.3185415354134555,1
2005-12-27,2.481669752486319,1
2006-01-01,3.5790377740311783,1
2006-01-09,4.779620840751101,1
2006-01-17,4.739367637070462,1
2006-01-25,5.53967326201733,1
2006-02-02,8.19679180554166,1
2006-02-10,6.191934016675174,1
2006-02-18,4.565450550394981,1
2006-02-26,7.7662452696925355,1
2006-03-06,6.328534005338086,1
2006-03-14,6.547230063947305,1
2006-03-22,11.212407547399783,1
2006-03-30,8.801577960903321,1
2006-04-07,12.548707339164125,1
2006-04-15,15.39615524109502,1
2006-04-23,16.99249494016597,1
2006-05-01,22.997688515265573,1
2006-05-09,27.528512743520643,1
2006-05-17,23.4383051121162,1
2006-05-25,25.015059468874448,1
2006-06-02,29.214296386683703,1
2006-06-10,27.188524650828068,1
2006-06-18,31.77222802484381,1
2006-06-26,28.726000799083508,1
2006-07-04,30.25657745941033,1
2006-07-12,28.923589829546657,1
2006-07-20,26.33638136268948,1
2006-07-28,24.343390650463316,1
2006-08-05,22.7517307453338,1
2006-08-13,21.30427166513696,1
2006-08-21,19.823997548045266,1
2006-08-29,18.826478004688113,1
2006-09-06,17.45633161444648,1
2006-09-14,14.043346487378507,1
2006-09-22,14.128452646935958,1
2006-09-30,10.13982196292862,1
2006-10-08,11.001384791578365,1
2006-10-16,11.517078703459145,1
2006-10-24,10.503275553921398,1
2006-11-01,7.464375173713791,1
2006-11-09,7.022733206367774,1
2006-11-17,7.653675857877178,1
2006-11-25,5.367428715433151,1
2006-12-03,6.251130114552124,1
2006-12-11,3.102662259199889,1
2006-12-19,3.7386757860963318,1
2006-12-27,3.8031131982273463,1
2007-01-01,4.99764942504488,1
2007-01-09,4.882621650097543,1
2007-01-17,6.380332802945114,1
2007-01-25,6.766270244889746,1
2007-02-02,6.579160625419956,1
2007-02-10,6.942478873358522,1
2007-02-18,7.416040439560455,1
2007-02-26,7.747478086654366,1
2007-03-06,14.231380433444881,1
2007-03-14,14.58929578573096,1
2007-03-22,11.821834383690152,1
2007-03-30,17.414120257152877,1
2007-04-07,15.718333935429808,1
2007-04-15,12.344059252734356,1
2007-04-23,23.13697640978098,1
2007-05-01,18.62522120362206,1
2007-05-09,24.461658395257704,1
2007-05-17,23.363902869741143,1
2007-05-25,24.718182562041633,1
2007-06-02,21.908962768846607,1
2007-06-10,25.336483762927607,1
2007-06-18,24.65374626425833,1
2007-06-26,23.435159332900827,1
2007-07-04,23.638419902204124,1
2007-07-12,21.355522523876157,1
2007-07-20,19.94715338581729,1
2007-07-28,20.54648496596517,1
2007-08-05,18.53998110092407,1
2007-08-13,18.24338833197711,1
2007-08-21,17.78785994642592,1
2007-08-29,17.557463189556398,1
2007-09-06,16.61312975157648,1
2007-09-14,13.20805497141774,1
2007-09-22,12.01115173447309,1
2007-09-30,11.165523000459089,1
2007-10-08,10.818420314415908,1
2007-10-16,10.589778126505498,1
2007-10-24,10.409371267940866,1
2007-11-01,9.99024869191841,1
2007-11-09,7.860605959497877,1
2007-11-17,7.613746095268728,1
2007-11-25,5.469396087387837,1
2007-12-03,4.76489555103702,1
2007-12-11,3.5154259404592247,1
2007-12-19,3.3480224284378046,1
2007-12-27,2.895740947493599,1
2008-01-01,3.3847727666694754,1
2008-01-09,4.894772695218011,1
2008-01-17,4.501881192192312,1
2008-01-25,4.06333417504628,1
2008-02-02,5.691713753129072,1
2008-02-10,9.441476138225834,1
2008-02-18,5.77915169887602,1
2008-02-26,11.747723669237537,1
2008-03-05,12.940954572336668,1
2008-03-13,11.99521714313908,1
2008-03-21,15.408394577522376,1
2008-03-29,14.43216204381606,1
2008-04-06,15.822551362392593,1
2008-04-14,17.402163798531017,1
2008-04-22,20.86839380470374,1
2008-04-30,19.976722115363028,1
2008-05-08,23.82188187267367,1
2008-05-16,25.95606369072881,1
2008-05-24,17.063541428233208,1
2008-06-01,26.17037865970688,1
2008-06-09,29.647353901546357,1
2008-06-17,29.526585132966694,1
2008-06-25,26.302810773635482,1
2008-07-03,25.838462453452586,1
2008-07-11,24.443830672917223,1
2008-07-19,23.891053678579944,1
2008-07-27,23.423909054312915,1
2008-08-04,21.960377016187266,1
2008-08-12,20.51857848218468,1
2008-08-20,19.591342328505817,1
2008-08-28,18.568996355464783,1
2008-09-05,17.105633901647394,1
2008-09-13,14.894921272888295,1
2008-09-21,14.227844727312947,1
2008-09-29,11.800373771238963,1
2008-10-07,10.985802676590026,1
2008-10-15,11.238061340274218,1
2008-10-23,11.267837699576743,1
2008-10-31,7.27177949918293,1
2008-11-08,7.81674353035371,1
2008-11-16,8.460488863851594,1
2008-11-24,5.682129350274338,1
2008-12-02,5.1584308337168405,1
2008-12-10,4.070416450268091,1
2008-12-18,2.6342930638208566,1
2008-12-26,3.8695254417922182,1
2009-01-01,4.244351714936841,1
2009-01-09,6.716225171783401,1
2009-01-17,6.001465364592072,1
2009-01-25,6.281683320894346,1
2009-02-02,6.788694549481122,1
2009-02-10,4.147574994706305,1
2009-02-18,7.684577290360661,1
2009-02-26,8.972989603726464,1
2009-03-06,11.211916793460308,1
2009-03-14,14.890579115264188,1
2009-03-22,14.312803421739009,1
2009-03-30,12.497268662512123,1
2009-04-07,12.415201046756994,1
2009-04-15,19.875153521094845,1
2009-04-23,19.882291193404722,1
2009-05-01,20.73488322868102,1
2009-05-09,26.846869083737595,1
2009-05-17,27.855653559936023,1
2009-05-25,23.69501889586705,1
2009-06-02,20.18474767821561,1
2009-06-10,23.287272757569262,1
2009-06-18,30.909776489162816,1
2009-06-26,29.35869147778957,1
2009-07-04,25.000749252615734,1
2009-07-12,23.641323259806423,1
2009-07-20,21.893790995520753,1
2009-07-28,20.907315570694347,1
2009-08-05,19.20842202004111,1
2009-08-13,19.064333823354648,1
2009-08-21,16.181457823481495,1
2009-08-29,16.88543125223783,1
2009-09-06,15.471049541791164,1
2009-09-14,15.07378436693207,1
2009-09-22,14.914017803860006,1
2009-09-30,10.306643342304545,1
2009-10-08,13.298029379781127,1
2009-10-16,14.022425162213356,1
2009-10-24,11.033504259750853,1
2009-11-01,10.007043751219499,1
2009-11-09,6.882111766406611,1
2009-11-17,6.707976507569435,1
2009-11-25,5.624481402706998,1
2009-12-03,4.075385907367007,1
2009-12-11,2.8238278080089274,1
2009-12-19,3.816438862255354,1
2009-12-27,3.913158707204592,1
2010-01-01,4.416392271205413,1
2010-01-09,5.00831718094813,1
2010-01-17,2.095566893503798,1
2010-01-25,4.374114787110637,1
2010-02-02,3.776510941687345,1
2010-02-10,8.349334288522334,1
2010-02-18,7.545964318903393,1
2010-02-26,7.115642455412434,1
2010-03-06,7.674018870968139,1
2010-03-14,13.99972484704884,1
2010-03-22,14.841108250033106,1
2010-03-30,10.891499555953713,1
2010-04-07,14.560341032824857,1
2010-04-15,13.805083008151279,1
2010-04-23,16.493931090336257,1
2010-05-01,22.472524379348457,1
2010-05-09,20.404622343954482,1
2010-05-17,18.833502416892774,1
2010-05-25,23.161396351382574,1
2010-06-02,29.408685084472292,1
2010-06-10,27.899979118289416,1
2010-06-18,25.82581093949601,1
2010-06-26,26.820087227572355,1
2010-07-04,25.910509687161568,1
2010-07-12,26.042243784406253,1
2010-07-20,23.96347999544127,1
2010-07-28,22.86913230411323,1
2010-08-05,20.680702289387014,1
2010-08-13,20.124504614565186,1
2010-08-21,19.071233518646487,1
2010-08-29,16.497770599579145,1
2010-09-06,14.637259857303246,1
2010-09-14,14.107151894583453,1
2010-09-22,14.508642105390493,1
2010-09-30,9.22939520931846,1
2010-10-08,12.573498696281247,1
2010-10-16,9.72796010994384,1
2010-10-24,10.768812332081119,1
2010-11-01,10.476899667507515,1
2010-11-09,6.2349758186490885,1
2010-11-17,4.181270251419265,1
2010-11-25,3.321486026117926,1
2010-12-03,3.714280916383156,1
2010-12-11,3.352060504448911,1
2010-12-19,2.672028637444913,1
2010-12-27,2.0574551989427485,1
2011-01-01,3.032851492913416,1
2011-01-09,3.7853589048428917,1
2011-01-17,5.466047153496906,1
2011-01-25,6.056667892423654,1
2011-02-02,7.378440112550409,1
2011-02-10,7.693368967720813,1
2011-02-18,4.973730013365111,1
2011-02-26,7.15486460045569,1
2011-03-06,9.631550640281201,1
2011-03-14,7.881119318015717,1
2011-03-22,6.869247859082131,1
2011-03-30,16.218464873757615,1
2011-04-07,10.430709275936522,1
2011-04-15,16.278453258271814,1
2011-04-23,15.427587212345827,1
2011-05-01,21.88723500521426,1
2011-05-09,17.69609363882019,1
2011-05-17,17.95138949709122,1
2011-05-25,20.66556396895642,1
2011-06-02,21.19535680615316,1
2011-06-10,28.845681460962606,1
2011-06-18,30.14566174627936,1
2011-06-26,28.400255224658476,1
2011-07-04,26.837809125110073,1
2011-07-12,22.85157977592147,1
2011-07-20,24.307619226504823,1
2011-07-28,23.507239656613862,1
2011-08-05,21.883804836313345,1
2011-08-13,20.816942408620445,1
2011-08-21,20.2641118136962,1
2011-08-29,18.26207857389539,1
2011-09-06,15.528942289156154,1
2011-09-14,15.053382424369433,1
2011-09-22,14.1094335230613,1
2011-09-30,14.017311366087803,1
2011-10-08,13.872608312786166,1
2011-10-16,13.533646048769622,1
2011-10-24,11.474111658553987,1
2011-11-01,5.179588201450348,1
2011-11-09,6.6628611958643,1
2011-11-17,5.193809076603083,1
2011-11-25,6.232521243214271,1
2011-12-03,4.942463696379155,1
2011-12-11,4.646683518854175,1
2011-12-19,4.7193647001961105,1
2011-12-27,5.202320849122389,1
2012-01-01,4.543296406329627,1
2012-01-09,4.095170726676974,1
2012-01-17,4.540699903287482,1
2012-01-25,7.208383419199269,1
2012-02-02,7.144359602654684,1
2012-02-10,7.979340728199752,1
2012-02-18,8.644974735496321,1
2012-02-26,9.23354203377951,1
2012-03-05,9.209516087714508,1
2012-03-13,9.121473319476971,1
2012-03-21,11.664056659188702,1
2012-03-29,13.318846564764897,1
2012-04-06,14.270637639699453,1
2012-04-14,17.072044044153458,1
2012-04-22,19.962422678035107,1
2012-04-30,22.750692470830927,1
2012-05-08,24.21249158167357,1
2012-05-16,24.35659996100873,1
2012-05-24,18.9636752665072,1
2012-06-01,21.558500646776594,1
2012-06-09,23.339669317180473,1
2012-06-17,23.5086120926049,1
2012-06-25,21.08057150042403,1
2012-07-03,22.36775157312331,1
2012-07-11,20.85574471205763,1
2012-07-19,20.107002084895502,1
2012-07-27,19.98690295877319,1
2012-08-04,19.917048968148325,1
2012-08-12,17.683536588243463,1
2012-08-20,16.562856742153624,1
2012-08-28,15.251429841981953,1
2012-09-05,13.710737829803403,1
2012-09-13,12.939764994911645,1
2012-09-21,11.582286017613868,1
2012-09-29,11.354131747652652,1
2012-10-07,7.861265983480328,1
2012-10-15,9.71159181833777,1
2012-10-23,7.551645088471038,1
2012-10-31,7.319990260228968,1
2012-11-08,4.7064875085983955,1
2012-11-16,4.534587562193471,1
2012-11-24,3.8866994656704126,1
2012-12-02,4.245096043973017,1
2012-12-10,2.549432065970904,1
2012-12-18,2.670496290542448,1
2012-12-26,2.570621887049433,1
2013-01-01,2.4593306589009423,1
2013-01-09,3.901309949305518,1
2013-01-17,6.388159357395368,1
2013-01-25,6.040476795563066,1
2013-02-02,6.645267632242058,1
2013-02-10,8.277909206418967,1
2013-02-18,6.96594475469513,1
2013-02-26,11.097348673989618,1
2013-03-06,10.265771306998703,1
2013-03-14,14.724837840704703,1
2013-03-22,13.812119542391834,1
2013-03-30,14.571975704025993,1
2013-04-07,17.234480071327837,1
2013-04-15,17.326139115122572,1
2013-04-23,22.497666336977368,1
2013-05-01,19.20450868061609,1
2013-05-09,22.450797885433243,1
2013-05-17,20.634322400235668,1
2013-05-25,21.714674372700866,1
2013-06-02,25.699509468600535,1
2013-06-10,21.544711220345416,1
2013-06-18,19.050026609004696,1
2013-06-26,22.64122717259789,1
2013-07-04,21.41718295206014,1
2013-07-12,20.46160854735377,1
2013-07-20,19.579094325082043,1
2013-07-28,18.64650525994435,1
2013-08-05,16.848374725636162,1
2013-08-13,18.162945940589974,1
2013-08-21,16.11631225569589,1
2013-08-29,15.937526146877929,1
2013-09-06,15.26604884718776,1
2013-09-14,12.73347417118153,1
2013-09-22,10.004204487502113,1
2013-09-30,9.802420158931982,1
2013-10-08,8.671505320364766,1
2013-10-16,9.43427449901287,1
2013-10-24,6.931514673805129,1
2013-11-01,6.526188295278786,1
2013-11-09,6.592277244143436,1
2013-11-17,4.865905118160163,1
2013-11-25,5.492385540580052,1
2013-12-03,2.756578587425385,1
2013-12-11,4.820913436969135,1
2013-12-19,4.232459718788062,1
2013-12-27,4.83385983062945,1
2014-01-01,4.243123066504194,1
2014-01-09,4.78392408082583,1
2014-01-17,5.9802901816547145,1
2014-01-25,5.4388010909523485,1
2014-02-02,4.56346935742425,1
2014-02-10,8.97746003398948,1
2014-02-18,10.16072478457654,1
2014-02-26,8.042483511556457,1
2014-03-06,11.344766775504837,1
2014-03-14,14.956819466458944,1
2014-03-22,13.409477756696626,1
2014-03-30,10.203050631044311,1
2014-04-07,19.888603202301184,1
2014-04-15,19.88737537433329,1
2014-04-23,18.240534258724033,1
2014-05-01,22.220233341406015,1
2014-05-09,20.61584941282166,1
2014-05-17,18.73743184109386,1
2014-05-25,21.74103110150205,1
2014-06-02,22.240952977071146,1
2014-06-10,20.36194368079442,1
2014-06-18,18.966048495280912,1
2014-06-26,19.153796139150053,1
2014-07-04,18.22787028042647,1
2014-07-12,17.372005936567817,1
2014-07-20,16.440885670631555,1
2014-07-28,15.398018247180579,1
2014-08-05,16.029547941203525,1
2014-08-13,15.597939434706188,1
2014-08-21,13.980220913594547,1
2014-08-29,13.028052213048213,1
2014-09-06,11.45966742756416,1
2014-09-14,11.102523769021262,1
2014-09-22,9.44916323194662,1
2014-09-30,10.198750146279153,1
2014-10-08,9.338245934239072,1
2014-10-16,7.255553921461063,1
2014-10-24,6.399741997116813,1
2014-11-01,6.321295058176822,1
2014-11-09,5.6033453533514415,1
2014-11-17,4.816526487353661,1
2014-11-25,5.01255143638695,1
2014-12-03,3.7647780946914233,1
2014-12-11,3.5008766362987216,1
2014-12-19,3.6521440894859403,1
2014-12-27,3.4080562656127755,1
2015-01-01,4.528975588107029,1
2015-01-09,5.3536673867464994,1
2015-01-17,5.8440489700214595,1
2015-01-25,6.540379770774242,1
2015-02-02,8.61738008016155,1
2015-02-10,10.749289375788294,1
2015-02-18,10.134804283320367,1
2015-02-26,8.709650447937161,1
2015-03-06,11.822501135497708,1
2015-03-14,15.20281537849413,1
2015-03-22,15.961968157795845,1
2015-03-30,16.568594976706752,1
2015-04-07,13.784411348513938,1
2015-04-15,17.806440419155045,1
2015-04-23,18.916633669087865,1
2015-05-01,21.69348706913058,1
2015-05-09,19.678368646622562,1
2015-05-17,16.24624021495827,1
2015-05-25,22.11869943192807,1
2015-06-02,20.776843152537413,1
2015-06-10,20.16007482134595,1
2015-06-18,19.58248862801656,1
2015-06-26,19.739678043133832,1
2015-07-04,17.461956589252477,1
2015-07-12,17.55347347544414,1
2015-07-20,16.80816993574193,1
2015-07-28,16.218603913705024,1
2015-08-05,14.847072010542162,1
2015-08-13,15.610481271317019,1
2015-08-21,13.955964677668748,1
2015-08-29,11.749743987789488,1
2015-09-06,10.883545923179861,1
2015-09-14,9.099609343261935,1
2015-09-22,9.191901709609327,1
2015-09-30,7.009196097907596,1
2015-10-08,9.242519719834032,1
2015-10-16,7.434222846463461,1
2015-10-24,7.455065400212867,1
2015-11-01,6.918589746347462,1
2015-11-09,5.302070106539134,1
2015-11-17,5.545224586549085,1
2015-11-25,3.4898807859082375,1
2015-12-03,4.742944485988344,1
2015-12-11,3.106410065758814,1
2015-12-19,2.3469847963984467,1
2015-12-27,2.932874250236317,1
2016-01-01,3.401592700691559,1
2016-01-09,4.6493416180314,1
2016-01-17,4.727815139730951,1
2016-01-25,5.084514354952103,1
2016-02-02,7.243619482178705,1
2016-02-10,9.112240767766332,1
2016-02-18,10.400537984570924,1
2016-02-26,11.501805590818783,1
2016-03-05,9.16102100473006,1
2016-03-13,12.75194645582328,1
2016-03-21,13.347068581949994,1
2016-03-29,15.772603222410936,1
2016-04-06,13.788069083844821,1
2016-04-14,21.156188358142174,1
2016-04-22,14.883681100501457,1
2016-04-30,18.443095514232546,1
2016-05-08,23.85815128095109,1
2016-05-16,23.247348502671635,1
2016-05-24,23.621508334024988,1
2016-06-01,30.809148362545354,1
2016-06-09,24.97133580379294,1
2016-06-17,28.99376216881171,1
2016-06-25,24.29367628681317,1
2016-07-03,21.690147125175212,1
2016-07-11,19.66239884580694,1
2016-07-19,19.109424932311303,1
2016-07-27,18.7369605656789,1
2016-08-04,15.970749228573139,1
2016-08-12,16.044483942320166,1
2016-08-20,14.527733806779894,1
2016-08-28,13.145861459572762,1
2016-09-05,12.489921883767682,1
2016-09-13,11.262936719389403,1
2016-09-21,9.59908325143069,1
2016-09-29,7.600271715699643,1
2016-10-07,7.080882830582045,1
2016-10-15,10.557621105919836,1
2016-10-23,9.051776172430289,1
2016-10-31,7.487487915748575,1
2016-11-08,8.146573068459888,1
2016-11-16,4.813785907074822,1
2016-11-24,4.047999092298859,1
2016-12-02,3.8241196458012148,1
2016-12-10,3.562212901162413,1
2016-12-18,3.245584831151355,1
2016-12-26,3.6649674183576786,1
